isic_id,target
ISIC_0015657,0.5293207485596049
ISIC_0015729,0.47608885293847936
ISIC_0015740,0.5811945731622019
